id,first_name,last_name,email,gender,phone,city,state,ssn,catchphrase
2291686,Woody,Pye,wpye0@newsvine.com,Male,9158957057,El Paso,TX,582-62-0169,Implemented didactic local area network
6847397,Pancho,Puttergill,pputtergill1@yahoo.com,Male,8043559248,Richmond,VA,478-57-8270,Cross-platform responsive benchmark
6163765,Angie,Pattrick,apattrick2@usgs.gov,Male,7276659448,Clearwater,FL,815-83-0714,Diverse 24 hour structure
2628042,Chryste,Lehenmann,clehenmann3@utexas.edu,Female,2134073388,Van Nuys,CA,789-59-3959,Polarised executive artificial intelligence
7175167,Timi,Dello,tdello4@theatlantic.com,Female,6028141566,Phoenix,AZ,880-17-6812,De-engineered motivating model
4117170,Mariejeanne,Crowche,mcrowche5@goo.gl,Female,5169375611,Hicksville,NY,304-95-9131,Object-based 6th generation leverage
3136507,Isidoro,Parnall,iparnall6@t.co,Male,4064225492,Billings,MT,202-08-0160,Exclusive scalable capability
1479142,Mady,Martyntsev,mmartyntsev7@dailymotion.com,Female,7185659888,Brooklyn,NY,302-04-7624,Profound client-server concept
3761096,Vikki,Ghidetti,vghidetti8@moonfruit.com,Female,2608451325,Fort Wayne,IN,688-22-2639,Implemented content-based implementation
6535557,Georgeta,Carmody,gcarmody9@cornell.edu,Female,6014866957,Jackson,MS,572-73-7798,Front-line tangible strategy
7732992,Oralee,Krale,okralea@mozilla.com,Female,3342509787,Montgomery,AL,670-90-1608,Organized 24/7 customer loyalty
6496536,Aurelie,Lawlings,alawlingsb@1688.com,Female,7028324091,North Las Vegas,NV,347-86-9717,Down-sized asynchronous complexity
1786919,Garnette,Blofeld,gblofeldc@etsy.com,Female,6786699212,Atlanta,GA,739-23-0651,Persevering demand-driven customer loyalty
3042465,Erminie,Joiris,ejoirisd@accuweather.com,Female,2088345873,Pocatello,ID,364-83-4318,Right-sized bandwidth-monitored info-mediaries
5600298,Hugues,Bartlomiej,hbartlomieje@flavors.me,Male,2021968305,Washington,DC,324-41-3451,Re-engineered foreground core
7977616,Chen,Densumbe,cdensumbef@seesaa.net,Male,7132242947,Houston,TX,810-49-4725,Reverse-engineered value-added encoding
4815529,Corrina,Bambridge,cbambridgeg@qq.com,Female,2149818480,Dallas,TX,105-45-8137,Phased reciprocal open architecture
1117022,Giacinta,Coull,gcoullh@europa.eu,Female,2028585556,Washington,DC,693-07-1701,Optional human-resource system engine
6480771,Leonhard,Fraczkiewicz,lfraczkiewiczi@csmonitor.com,Male,9172629218,Bronx,NY,458-04-6536,Configurable reciprocal challenge
3431139,Kaye,Jeffrey,kjeffreyj@mysql.com,Female,7812895113,Watertown,MA,736-56-9894,Adaptive stable budgetary management
1891366,Izak,Rathbourne,irathbournek@marketwatch.com,Male,5403093531,Charlottesville,VA,270-83-0124,Cross-platform grid-enabled superstructure
6377564,Marketa,Spraging,mspragingl@hhs.gov,Female,7132081818,Houston,TX,442-10-3172,Compatible regional Graphic Interface
7794305,Gypsy,Nertney,gnertneym@usgs.gov,Female,7605636838,Huntington Beach,CA,205-49-4536,Triple-buffered encompassing knowledge base
1889918,Ahmad,Cluley,acluleyn@yahoo.co.jp,Male,2605162547,Fort Wayne,IN,425-15-2712,Customer-focused clear-thinking internet solution
7857040,Pryce,Reeson,preesono@networkadvertising.org,Male,2032667183,Waterbury,CT,460-31-1612,Proactive web-enabled infrastructure
1128009,Rene,Grolle,rgrollep@xinhuanet.com,Female,3169880791,Wichita,KS,346-37-5848,Persistent web-enabled forecast
4925513,Jorrie,Renols,jrenolsq@google.com.au,Female,2153001107,Philadelphia,PA,885-67-7739,Total upward-trending workforce
5512847,Ashleigh,Nijssen,anijssenr@sogou.com,Female,9734007385,Newark,NJ,723-37-7074,Exclusive modular neural-net
6708853,Giovanna,Doidge,gdoidges@wix.com,Female,2081371538,Boise,ID,695-12-6939,Down-sized system-worthy projection
4768314,Warde,Hornung,whornungt@bloglovin.com,Male,4193300911,Toledo,OH,256-32-9831,Devolved fresh-thinking concept
7756446,Kit,Klimshuk,kklimshuku@discovery.com,Male,9414865168,Punta Gorda,FL,130-64-7388,Ergonomic scalable budgetary management
4938138,Rivkah,Dracey,rdraceyv@twitpic.com,Female,2672553344,Philadelphia,PA,742-72-2068,Persistent disintermediate ability
6970305,Rosetta,Minty,rmintyw@uol.com.br,Female,6143945661,Columbus,OH,451-66-7167,Enterprise-wide demand-driven process improvement
5574425,Evelyn,Knok,eknokx@last.fm,Female,8161656031,Kansas City,MO,676-19-5344,Future-proofed context-sensitive emulation
3853023,Tripp,Roft,trofty@bloglovin.com,Male,2131546864,North Hollywood,CA,468-14-4777,Open-source coherent project
5114016,Rae,Boar,rboarz@ucsd.edu,Female,6017070796,Jackson,MS,517-12-9839,Diverse 24/7 complexity
4627677,Stanford,Drury,sdrury10@clickbank.net,Male,2155055583,Philadelphia,PA,529-01-4210,Enhanced attitude-oriented synergy
1460362,Dene,Liddington,dliddington11@chron.com,Male,5182029726,Albany,NY,684-42-8353,Organized tangible migration
7564489,Stanleigh,Spacey,sspacey12@behance.net,Male,6465502076,New York City,NY,745-79-2230,Profound bifurcated contingency
2626117,Nata,Birtwisle,nbirtwisle13@chicagotribune.com,Female,6078650580,Elmira,NY,867-15-2734,Extended 3rd generation implementation
7995457,Liam,Glidder,lglidder14@ebay.co.uk,Male,5867193014,Warren,MI,491-05-0698,Stand-alone global portal
6535580,Henka,Fearneley,hfearneley15@opensource.org,Female,8502024602,Tallahassee,FL,373-96-8623,Polarised clear-thinking secured line
4369262,Alisander,Giblin,agiblin16@elpais.com,Male,9154164761,El Paso,TX,564-59-8357,User-friendly user-facing instruction set
4879139,Bertha,Hierro,bhierro17@jalbum.net,Female,2152351603,Philadelphia,PA,169-37-6717,Secured secondary migration
3231492,Essa,Conibeer,econibeer18@dion.ne.jp,Female,2091823780,Modesto,CA,740-97-6869,Virtual optimal definition
1314558,Lynnette,Pavese,lpavese19@nps.gov,Female,4107702533,Baltimore,MD,365-89-1692,Right-sized bifurcated superstructure
1375722,Dorella,Drepp,ddrepp1a@gravatar.com,Female,6025190667,Glendale,AZ,642-61-3890,Persistent stable orchestration
3053994,Carlye,Hibbart,chibbart1b@hexun.com,Female,4076312293,Orlando,FL,707-81-4253,Sharable radical help-desk
5360198,Ailey,Tomczak,atomczak1c@wikia.com,Female,4067766271,Helena,MT,592-67-7838,Programmable multimedia model
1610265,Terry,Praten,tpraten1d@mac.com,Female,4806328441,Scottsdale,AZ,497-86-6926,Up-sized regional archive
